id,label
1,qwen3-1.7b-q4km-ubuntu-vm-cg
2,qwen3-1.7b-q4km-ubuntu-vm-cg
3,qwen3-0.6b-q4km-ubuntu-vm-cg
4,qwen3-1.7b-q4km-ubuntu-vm-cg
5,lfm2.5-350m-q40-ubuntu-vm-cg
6,lfm2.5-1.2b-q40-ubuntu-vm-cg
7,lfm2.5-1.2b-q40-ubuntu-vm-cg
8,lfm2.5-1.2b-q40-ubuntu-vm-cg
9,lfm2.5-350m-q40-ubuntu-vm-cg
10,qwen3-1.7b-q4km-ubuntu-vm-cg
11,qwen3-1.7b-q4km-ubuntu-vm-cg
12,lfm2.5-350m-q40-ubuntu-vm-cg
13,qwen3-0.6b-q4km-ubuntu-vm-cg
14,lfm2.5-350m-q40-ubuntu-vm-cg
15,qwen3-0.6b-q4km-ubuntu-vm-cg
16,qwen3-1.7b-q4km-ubuntu-vm-cg
17,lfm2.5-350m-q40-ubuntu-vm-cg
18,lfm2.5-1.2b-q40-ubuntu-vm-cg
19,qwen3-0.6b-q4km-ubuntu-vm-cg
20,lfm2.5-350m-q40-ubuntu-vm-cg
21,lfm2.5-1.2b-q40-ubuntu-vm-cg
22,qwen3-1.7b-q4km-ubuntu-vm-cg
23,lfm2.5-1.2b-q40-ubuntu-vm-cg
24,qwen3-1.7b-q4km-ubuntu-vm-cg
25,lfm2.5-350m-q40-ubuntu-vm-cg
26,lfm2.5-1.2b-q40-ubuntu-vm-cg
27,qwen3-1.7b-q4km-ubuntu-vm-cg
28,qwen3-1.7b-q4km-ubuntu-vm-cg
29,qwen3-0.6b-q4km-ubuntu-vm-cg
30,qwen3-0.6b-q4km-ubuntu-vm-cg
31,lfm2.5-350m-q40-ubuntu-vm-cg
32,lfm2.5-350m-q40-ubuntu-vm-cg
33,qwen3-1.7b-q4km-ubuntu-vm-cg
34,lfm2.5-1.2b-q40-ubuntu-vm-cg
35,lfm2.5-350m-q40-ubuntu-vm-cg
36,qwen3-1.7b-q4km-ubuntu-vm-cg
37,lfm2.5-1.2b-q40-ubuntu-vm-cg
38,lfm2.5-1.2b-q40-ubuntu-vm-cg
39,lfm2.5-1.2b-q40-ubuntu-vm-cg
40,qwen3-1.7b-q4km-ubuntu-vm-cg
41,lfm2.5-1.2b-q40-ubuntu-vm-cg
42,lfm2.5-350m-q40-ubuntu-vm-cg
43,qwen3-1.7b-q4km-ubuntu-vm-cg
44,qwen3-0.6b-q4km-ubuntu-vm-cg
45,qwen3-0.6b-q4km-ubuntu-vm-cg
46,qwen3-0.6b-q4km-ubuntu-vm-cg
47,lfm2.5-350m-q40-ubuntu-vm-cg
48,qwen3-0.6b-q4km-ubuntu-vm-cg
49,lfm2.5-350m-q40-ubuntu-vm-cg
50,qwen3-1.7b-q4km-ubuntu-vm-cg
51,lfm2.5-1.2b-q40-ubuntu-vm-cg
52,qwen3-0.6b-q4km-ubuntu-vm-cg
53,lfm2.5-1.2b-q40-ubuntu-vm-cg
54,qwen3-0.6b-q4km-ubuntu-vm-cg
55,qwen3-0.6b-q4km-ubuntu-vm-cg
56,qwen3-0.6b-q4km-ubuntu-vm-cg
57,lfm2.5-350m-q40-ubuntu-vm-cg
58,qwen3-0.6b-q4km-ubuntu-vm-cg
59,qwen3-1.7b-q4km-ubuntu-vm-cg
60,lfm2.5-350m-q40-ubuntu-vm-cg
61,lfm2.5-1.2b-q40-ubuntu-vm-cg
62,lfm2.5-350m-q40-ubuntu-vm-cg
63,qwen3-0.6b-q4km-ubuntu-vm-cg
64,qwen3-0.6b-q4km-ubuntu-vm-cg
65,qwen3-0.6b-q4km-ubuntu-vm-cg
66,lfm2.5-1.2b-q40-ubuntu-vm-cg
67,qwen3-1.7b-q4km-ubuntu-vm-cg
68,lfm2.5-350m-q40-ubuntu-vm-cg
69,lfm2.5-1.2b-q40-ubuntu-vm-cg
70,qwen3-0.6b-q4km-ubuntu-vm-cg
71,lfm2.5-350m-q40-ubuntu-vm-cg
72,lfm2.5-350m-q40-ubuntu-vm-cg
73,qwen3-1.7b-q4km-ubuntu-vm-cg
74,lfm2.5-350m-q40-ubuntu-vm-cg
75,lfm2.5-1.2b-q40-ubuntu-vm-cg
76,lfm2.5-1.2b-q40-ubuntu-vm-cg
77,qwen3-0.6b-q4km-ubuntu-vm-cg
78,qwen3-1.7b-q4km-ubuntu-vm-cg
79,qwen3-1.7b-q4km-ubuntu-vm-cg
80,lfm2.5-1.2b-q40-ubuntu-vm-cg
