id,question,reply,score
1,how far away is the moon,"The moon is approximately 238,855 miles (384,400 kilometers) away from Earth.",
2,what is the capital of france,The capital of France is Paris.,
3,what is the largest planet in our solar system,The largest planet in our solar system is Jupiter.,
4,tell me a fact about elephants,Elephants have the largest ears of any land animal.,
5,suggest a name for a coffee shop near a college,"A cozy spot with a focus on local brews near campus might be ""Campus Brew Hub""  
Reason: It highlights the college's location and offers a welcoming atmosphere for students.",
6,tell me a fact about elephants,"Elephants are the largest land animals on Earth.  
They can communicate using various sounds and vibrations through their trunks.",
7,suggest a name for a coffee shop near a college,"Let's find a fitting name for your coffee shop. A suitable option could be ""College Brew."" This name reflects the nearby college and offers a friendly vibe.",
8,how many days are in a leap year,A leap year has 366 days.,
9,what is the largest planet in our solar system,The largest planet is Jupiter.,
10,why is the sky blue,The sky appears blue because of the way sunlight interacts with the atmosphere.,
11,what does a cpu do,A CPU processes instructions and performs calculations.,
12,what is a black hole,"A black hole is a region of space where gravity is so strong that nothing, not even light, can escape. The point of no return, called the event horizon, marks the boundary beyond which anything is pulled toward it.",
13,what is twelve times eight,Twelve times eight is 96.,
14,what is the weather in coimbatore today,The weather in Coimbatore today is partly cloudy with a high of 28°C. The reason is the weather forecast for today.,
15,at what temperature does water boil,Water boils at 100°C.,
16,what is twelve times eight,"96

It is 96 because 12 multiplied by 8 equals 96.",
17,what is twelve times eight,Twelve times eight is 176.,
18,what language is spoken in tamil nadu,The primary language spoken in Tamil Nadu is Tamil.,
19,how do you say thank you in hindi,"Thank you in Hindi is ""आपने बात बात मान दी।""",
20,what is the capital of france,The capital of France is Paris. Reason: France is a country in Europe.,
21,why is the sky blue,The sky appears blue because of the way Earth's atmosphere scatters sunlight. Blue light is scattered more than other colors because it travels in smaller waves and reaches our eyes more directly.,
22,what is photosynthesis,Photosynthesis is the process by which plants convert light energy into chemical energy.,
23,what is twelve times eight,Twelve multiplied by eight equals ninety-six.,
24,how do you say thank you in hindi,थाक दें जाने.,
25,how far away is the moon,"The moon is about 384,400 kilometers away.",
26,how do i make a cup of tea,"To make a cup of tea, boil water and let it cool slightly before adding your tea leaves.",
27,at what temperature does water boil,"120 degrees Celsius.

Water boils at 120 degrees Celsius.",
28,who is the prime minister of india,The Prime Minister of India is Narendra Modi.,
29,what is the tallest mountain in the world,The tallest mountain in the world is Mount Everest.,
30,what language is spoken in tamil nadu,Tamil Nadu is spoken in Tamil Nadu.,
31,how do you say thank you in hindi,Thank you for the support.,
32,at what temperature does water boil,Water boils at 100 degrees Celsius.,
33,what is the tallest mountain in the world,Mount Everest is the tallest mountain in the world.,
34,what is a black hole,A black hole is a region in space where gravity is extremely strong due to a massive amount of compacted matter.,
35,who is the prime minister of india,"The prime minister of India is Narendra Modi.  
Reason: He has been in office since 2014.",
36,how many days are in a leap year,60 days in a leap year.,
37,what is the capital of france,The capital of France is Paris.,
38,who wrote romeo and juliet,William Shakespeare wrote Romeo and Juliet.,
39,what is the weather in coimbatore today,The weather in Coimbatore today is partly cloudy with a high of 28 degrees Celsius.,
40,give me one tip to sleep better,Try keeping your room cool and dark.,
41,what is the largest planet in our solar system,The largest planet in our solar system is Jupiter.,
42,who wrote romeo and juliet,Romeo and Juliet was written by Shakespeare. Reason: the play is a classic of his works.,
43,what is the weather in coimbatore today,I don't have access to live weather data.,
44,who is the prime minister of india,The Prime Minister of India is Narendra Modi.,
45,how many days are in a leap year,One day.,
46,tell me a fact about elephants,Elephants are large mammals that live in savannahs and grasslands.,
47,what is the tallest mountain in the world,The tallest mountain in the world is Mount Everest.,
48,who wrote romeo and juliet,William Shakespeare wrote *Romeo and Juliet*.,
49,how do i make a cup of tea,Make a cup of tea by boiling water in a kettle and pouring it into a mug.,
50,what is the largest planet in our solar system,Jupiter is the largest planet in our solar system.,
51,give me one tip to sleep better,Try avoiding screens before bedtime to improve your sleep quality.,
52,what is photosynthesis,"Photosynthesis is the process by which plants, algae, and some bacteria convert light energy into chemical energy.",
53,what is the tallest mountain in the world,The tallest mountain is Mount Everest. It stands at approximately thirty-two thousand nine hundred sixty-one meters.,
54,what is the capital of france,The capital of France is Paris.,
55,how far away is the moon,"The moon is approximately 384,400 kilometers away from Earth.",
56,give me one tip to sleep better,Sleep better by going to bed early and avoiding screens 1 hour before bedtime.,
57,what is photosynthesis,Photosynthesis is the process by which plants use sunlight to produce their own food. It involves converting carbon dioxide and water into glucose and oxygen. The reason is the availability of sunlight and the need for carbon dioxide in the atmosphere.,
58,what does a cpu do,"A CPU processes instructions and controls the flow of data and instructions, making decisions and executing tasks.",
59,suggest a name for a coffee shop near a college,"Café Nexus

It's a simple and modern name that sounds friendly and appealing.",
60,why is the sky blue,The sky is blue because of the Earth's atmosphere.,
61,what does a cpu do,A CPU processes instructions and performs calculations for a computer.,
62,what language is spoken in tamil nadu,Tamil Nadu is spoken by the Tamil people. The language is a classical Tamil language with a rich literary tradition.,
63,how do i make a cup of tea,Make a cup of tea by pouring water into a cup and adding tea leaves.,
64,what is a black hole,"A black hole is a region in space where gravity is so strong that nothing, not even light, can escape it.",
65,what is the weather in coimbatore today,Coimbatore today is cloudy with light rain.,
66,at what temperature does water boil,Water boils at 100 degrees Celsius under standard conditions.,
67,what is a black hole,"A black hole is a region in space where the gravity is so strong that nothing, not even light, can escape.",
68,what does a cpu do,"A CPU processes instructions and manages data flow, often handling multiple tasks simultaneously.",
69,how far away is the moon,"The moon is approximately 384,400 kilometers away from Earth.",
70,suggest a name for a coffee shop near a college,"Coffee Shop Name: College Lane  

Reason: It directly addresses a college setting, making it a suitable name for a coffee shop near a college.",
71,how many days are in a leap year,There are 366 days in a leap year.,
72,tell me a fact about elephants,Elephants are known for their strong social bonds and ability to remember water sources across vast landscapes.,
73,how do i make a cup of tea,"To make a cup of tea, you need to boil water, add tea leaves or a tea bag, and steep it for a few minutes. 

The water should be boiling, and the tea leaves should be steeped for a few minutes to release the flavor.",
74,give me one tip to sleep better,Sleep better by keeping your bedroom dark and quiet.,
75,who is the prime minister of india,The current prime minister of India is Narendra Modi.,
76,how do you say thank you in hindi,"Thank you in Hindi is ""धन्यवाद"" or ""thank you"".",
77,why is the sky blue,The sky is blue because it contains water molecules that absorb red light and emit blue light.,
78,who wrote romeo and juliet,William Shakespeare wrote Romeo and Juliet.,
79,what language is spoken in tamil nadu,Tamil is the primary language spoken in Tamil Nadu.,
80,what is photosynthesis,"Photosynthesis is the process by which plants convert sunlight into energy, producing oxygen and glucose.",
